{
	"ALA": {
		"shifts": [
			1.3800000000000001,
			1.3800000000000001,
			1.3800000000000001,
			8.280000000000001,
			4.28
		],
		"widths": [
			0.17693612248880336,
			0.17693652662185264,
			0.1769363017959017,
			0.5137091139456134,
			0.3022435831999706
		]
	},
	"ARG": {
		"shifts": [
			4.25,
			7.25,
			6.65,
			6.65,
			1.6500000000000001,
			3.15,
			1.6500000000000001,
			1.85,
			8.15,
			6.65,
			3.15,
			1.85,
			6.65
		],
		"widths": [
			0.36327341996441026,
			0.65462491782716,
			0.312011988179737,
			0.33811091155307726,
			0.16519524308601802,
			0.12494736438491695,
			0.16689364578030635,
			0.1817542160114073,
			0.5950538738121627,
			0.3198098208239624,
			0.1252427876667547,
			0.18081717853427226,
			0.32067626592506004
		]
	},
	"ASN": {
		"shifts": [
			2.75,
			7.55,
			6.95,
			2.75,
			8.350000000000001,
			4.65
		],
		"widths": [
			0.22230891091962507,
			0.39912009891993344,
			0.40836095127678407,
			0.21788845079514269,
			0.5139213078274653,
			0.2788113456926839
		]
	},
	"ASP": {
		"shifts": [
			2.65,
			4.55,
			8.350000000000001,
			1.4500000000000002,
			2.65
		],
		"widths": [
			0.24904729528477987,
			0.24294801250814274,
			0.4638996022520291,
			3.5641916812468746,
			0.24899673818794135
		]
	},
	"GLU": {
		"shifts": [
			2.25,
			4.05,
			2.25,
			6.65,
			2.05,
			2.05,
			8.350000000000001
		],
		"widths": [
			0.14369429148349172,
			0.2971387896836169,
			0.1422409622849979,
			3.162348165266966,
			0.1549593057934927,
			0.15596706081498965,
			0.5359976578846983
		]
	},
	"GLN": {
		"shifts": [
			8.350000000000001,
			2.35,
			2.35,
			7.55,
			2.15,
			6.8500000000000005,
			4.25,
			2.15
		],
		"widths": [
			0.518774895006678,
			0.15840271703178432,
			0.1545299989814213,
			0.3857814396691914,
			0.184466593446632,
			0.3633891993204124,
			0.31886853311091634,
			0.19086664840680062
		]
	},
	"LEU": {
		"shifts": [
			1.6500000000000001,
			0.9100000000000001,
			4.25,
			0.9100000000000001,
			0.9100000000000001,
			0.9100000000000001,
			1.6500000000000001,
			1.6500000000000001,
			8.15,
			0.9100000000000001,
			0.9100000000000001
		],
		"widths": [
			0.262706318147267,
			0.2097768339440655,
			0.44389609708469835,
			0.21870024343987535,
			0.2185217424659108,
			0.21855438128548504,
			0.2574297434710546,
			0.26025787686200447,
			0.5577807283324201,
			0.20973267327476516,
			0.20943782108765255
		]
	},
	"LYS": {
		"shifts": [
			2.95,
			1.85,
			7.55,
			1.4500000000000002,
			7.55,
			1.6500000000000001,
			4.25,
			1.4500000000000002,
			1.6500000000000001,
			7.55,
			1.85,
			2.95,
			8.350000000000001
		],
		"widths": [
			0.0995122420974765,
			0.1693015120470264,
			0.3255940877510836,
			0.15768464408146846,
			0.32560547377289006,
			0.1396830746572289,
			0.32742138291581696,
			0.1550997635899753,
			0.14041421475909494,
			0.325078258009666,
			0.16659130546925055,
			0.10007132334829666,
			0.5364274303911236
		]
	},
	"MET": {
		"shifts": [
			2.03,
			2.53,
			8.230000000000002,
			2.03,
			4.430000000000001,
			2.03,
			2.03,
			2.03,
			2.53
		],
		"widths": [
			0.35776184870894895,
			0.3763302350101844,
			0.5821722912159389,
			0.2716628378016321,
			0.3689174067041093,
			0.35777063996433905,
			0.3577706584209182,
			0.28409618642186774,
			0.4245722648475097
		]
	},
	"PHE": {
		"shifts": [
			7.25,
			3.15,
			3.05,
			7.25,
			8.15,
			7.25,
			4.55,
			7.25,
			7.25
		],
		"widths": [
			0.27922515643611345,
			0.279914027785057,
			0.29516518988304546,
			0.29432363048351085,
			0.6262285371087923,
			0.3760745681033462,
			0.5441298696280881,
			0.2800637930833556,
			0.2935714909121672
		]
	},
	"PRO": {
		"shifts": [
			8.030000000000001,
			2.23,
			3.63,
			3.63,
			4.430000000000001,
			2.03,
			2.23,
			2.03
		],
		"widths": [
			0.6348881476291708,
			0.2663240341693107,
			0.2870470562108507,
			0.29422989363944096,
			0.31891590566708444,
			0.16141978573078453,
			0.27562770011440296,
			0.1623521889462693
		]
	},
	"THR": {
		"shifts": [
			1.2100000000000002,
			1.2100000000000002,
			4.409999999999999,
			1.2100000000000002,
			4.81,
			4.31,
			8.21
		],
		"widths": [
			0.08148963526788074,
			0.08148982868440531,
			0.20073370061721726,
			0.08149131695880646,
			0.3969925318898859,
			0.14742037624938417,
			0.2661068670121256
		]
	},
	"TYR": {
		"shifts": [
			6.75,
			3.05,
			9.250000000000002,
			7.05,
			2.95,
			6.75,
			4.55,
			8.15,
			7.05
		],
		"widths": [
			0.20223183657052593,
			0.30981620987734837,
			1.3334571868297715,
			0.25241320590581506,
			0.31072984876200643,
			0.20033319049765064,
			0.46935011844142027,
			0.6417721658824568,
			0.2535734613339047
		]
	},
	"ILE": {
		"shifts": [
			0.9100000000000001,
			0.9100000000000001,
			0.9100000000000001,
			0.9100000000000001,
			4.15,
			1.85,
			0.9100000000000001,
			1.1500000000000001,
			1.1500000000000001,
			0.9100000000000001,
			8.15
		],
		"widths": [
			0.20290561868051699,
			0.2132314057820555,
			0.2132494322916807,
			0.20282041398800527,
			0.4982416632415243,
			0.2548646791812963,
			0.21326526582585878,
			0.37017495909454956,
			0.3699920684656572,
			0.20282737037696505,
			0.599650473160904
		]
	},
	"VAL": {
		"shifts": [
			8.15,
			0.9500000000000001,
			4.05,
			0.9500000000000001,
			0.9500000000000001,
			0.9500000000000001,
			0.9500000000000001,
			0.9500000000000001,
			2.05
		],
		"widths": [
			0.59471684224556,
			0.23870378243846246,
			0.5364781454774761,
			0.22277714652037578,
			0.2387821453798113,
			0.22276987751107105,
			0.23871418800076005,
			0.22278326140831226,
			0.26362997924121306
		]
	}
}